WEEK_NUM,GAME_DATE,GAME_TIME_SCORE,AWAY_SCHOOL,HOME_SCHOOL,GAME_LOCATION
1,"Saturday, August 27, 2022 ","WKU 38, APSU 27",2046,98,"Bowling Green, KY"
1,"Saturday, August 27, 2022 ","NU 31, NEB 28",158,77,Dublin
1,"Saturday, August 27, 2022 ","UNLV 52, IDST 21",304,2439,"Las Vegas, NV"
1,"Saturday, August 27, 2022 ","USU 31, CONN 20",41,328,"Logan, UT"
1,"Saturday, August 27, 2022 ","ILL 38, WYO 6",2751,356,"Champaign, IL"
1,"Saturday, August 27, 2022 ","FSU 47, DUQ 7",2184,52,"Tallahassee, FL"
1,"Saturday, August 27, 2022 ","FAU 43, CLT 13",2429,2226,"Boca Raton, FL"
1,"Saturday, August 27, 2022 ","UNC 56, FAMU 24",50,153,"Chapel Hill, NC"
1,"Saturday, August 27, 2022 ","NEV 23, NMSU 12",2440,166,"Las Cruces, NM"
1,"Saturday, August 27, 2022 ","UNT 31, UTEP 13",249,2638,"El Paso, TX"
1,"Saturday, August 27, 2022 ","VAN 63, HAW 10",238,62,"Honolulu, HI"
1,"Thursday, September 1, 2022 ","OKST 58, CMU 44",2117,197,"Stillwater, OK"
1,"Thursday, September 1, 2022 ","PITT 38, WVU 31",277,221,"Pittsburgh, PA"
1,"Thursday, September 1, 2022 ","WAKE 44, VMI 10",2678,154,"Winston-Salem, NC"
1,"Thursday, September 1, 2022 ","AKR 30, SFPA 23 (OT)",2598,2006,"Akron, OH"
1,"Thursday, September 1, 2022 ","TENN 59, BALL 10",2050,2633,"Knoxville, TN"
1,"Thursday, September 1, 2022 ","UCF 56, SCST 10",2569,2116,"Orlando, FL"
1,"Thursday, September 1, 2022 ","FIU 38, BRY 37 (OT)",2803,2229,"Miami, FL"
1,"Thursday, September 1, 2022 ","TOL 37, LIU 0",112358,2649,"Toledo, OH"
1,"Thursday, September 1, 2022 ","PSU 35, PUR 31",213,2509,"West Lafayette, IN"
1,"Thursday, September 1, 2022 ","NIU 34, EIU 27",2197,2459,"DeKalb, IL"
1,"Thursday, September 1, 2022 ","UAB 59, AAMU 0",2010,5,"Birmingham, AL"
1,"Thursday, September 1, 2022 ","MIZ 52, LT 24",2348,142,"Columbia, MO"
1,"Thursday, September 1, 2022 ","MINN 38, NMSU 0",166,135,"Minneapolis, MN"
1,"Thursday, September 1, 2022 ","ASU 40, NAU 3",2464,9,"Tempe, AZ"
1,"Thursday, September 1, 2022 ","FRES 35, CP 7",13,278,"Fresno, CA"
1,"Thursday, September 1, 2022 ","SJSU 21, PRST 17",2502,23,"San Jose, CA"
1,"Friday, September 2, 2022 ","MSU 35, WMU 13",2711,127,"East Lansing, MI"
1,"Friday, September 2, 2022 ","EMU 42, EKU 34",2198,2199,"Ypsilanti, MI"
1,"Friday, September 2, 2022 ","ODU 20, VT 17",259,295,"Norfolk, VA"
1,"Friday, September 2, 2022 ","W&M 41, CLT 24",2729,2429,"Charlotte, NC"
1,"Friday, September 2, 2022 ","DUKE 30, TEM 0",218,150,"Durham, NC"
1,"Friday, September 2, 2022 ","KU 56, TNTC 10",2635,2305,"Lawrence, KS"
1,"Friday, September 2, 2022 ","IU 23, ILL 20",356,84,"Bloomington, IN"
1,"Friday, September 2, 2022 ","TCU 38, COLO 13",2628,38,"Boulder, CO"
1,"Saturday, September 3, 2022 ","ALA 55, USU 0",328,333,"Tuscaloosa, AL"
1,"Saturday, September 3, 2022 ","OSU 21, ND 10",87,194,"Columbus, OH"
1,"Saturday, September 3, 2022 ","UGA 49, ORE 3",2483,61,"Atlanta, GA"
1,"Saturday, September 3, 2022 ","TA&M 31, SHSU 0",2534,245,"College Station, TX"
1,"Saturday, September 3, 2022 ","FLA 29, UTAH 26",254,57,"Gainesville, FL"
1,"Saturday, September 3, 2022 ","MICH 51, CSU 7",36,130,"Ann Arbor, MI"
1,"Saturday, September 3, 2022 ","OU 45, UTEP 13",2638,201,"Norman, OK"
1,"Saturday, September 3, 2022 ","BAY 69, ALB 10",399,239,"Waco, TX"
1,"Saturday, September 3, 2022 ","NCST 21, ECU 20",152,151,"Greenville, NC"
1,"Saturday, September 3, 2022 ","USC 66, RICE 14",242,30,"Los Angeles, CA"
1,"Saturday, September 3, 2022 ","MIA 70, BCU 13",2065,2390,"Miami Gardens, FL"
1,"Saturday, September 3, 2022 ","WISC 38, ILST 0",2287,275,"Madison, WI"
1,"Saturday, September 3, 2022 ","ARK 31, CIN 24",2132,8,"Fayetteville, AR"
1,"Saturday, September 3, 2022 ","UK 37, M-OH 13",193,96,"Lexington, KY"
1,"Saturday, September 3, 2022 ","MISS 28, TROY 10",2653,145,"Oxford, MS"
1,"Saturday, September 3, 2022 ","HOU 37, UTSA 35 (3OT)",248,2636,"San Antonio, TX"
1,"Saturday, September 3, 2022 ","BYU 50, USF 21",252,58,"Tampa, FL"
1,"Saturday, September 3, 2022 ","CONN 28, CCSU 3",2115,41,"East Hartford, CT"
1,"Saturday, September 3, 2022 ","IOWA 7, SDST 3",2571,2294,"Iowa City, IA"
1,"Saturday, September 3, 2022 ","MD 31, BUFF 10",2084,120,"College Park, MD"
1,"Saturday, September 3, 2022 ","RUTG 22, BC 21",164,103,"Chestnut Hill, MA"
1,"Saturday, September 3, 2022 ","UNC 63, APP 61",153,2026,"Boone, NC"
1,"Saturday, September 3, 2022 ","DEL 14, NAVY 7",48,2426,"Annapolis, MD"
1,"Saturday, September 3, 2022 ","UVA 34, RICH 17",257,258,"Charlottesville, VA"
1,"Saturday, September 3, 2022 ","AFA 48, UNI 17",2460,2005,"USAF Academy, CO"
1,"Saturday, September 3, 2022 ","ISU 42, SEMO 10",2546,66,"Ames, IA"
1,"Saturday, September 3, 2022 ","UCLA 45, BGSU 17",189,26,"Pasadena, CA"
1,"Saturday, September 3, 2022 ","ARIZ 38, SDSU 20",12,21,"San Diego, CA"
1,"Saturday, September 3, 2022 ","NEB 38, UND 17",155,158,"Lincoln, NE"
1,"Saturday, September 3, 2022 ","MRSH 55, NORF 3",2450,276,"Huntington, WV"
1,"Saturday, September 3, 2022 ","WYO 40, TLSA 37 (2OT)",202,2751,"Laramie, WY"
1,"Saturday, September 3, 2022 ","CAL 34, UCD 13",302,25,"Berkeley, CA"
1,"Saturday, September 3, 2022 ","USA 48, NICH 7",2447,6,"Mobile, AL"
1,"Saturday, September 3, 2022 ","NEV 38, TXST 14",326,2440,"Reno, NV"
1,"Saturday, September 3, 2022 ","GASO 59, MORG 7",2415,290,"Statesboro, GA"
1,"Saturday, September 3, 2022 ","OHIO 41, FAU 38",2226,195,"Athens, OH"
1,"Saturday, September 3, 2022 ","JMU 44, MTSU 7",2393,256,"Harrisonburg, VA"
1,"Saturday, September 3, 2022 ","AUB 42, MER 16",2382,2,"Auburn, AL"
1,"Saturday, September 3, 2022 ","VAN 42, ELON 31",2210,238,"Nashville, TN"
1,"Saturday, September 3, 2022 ","KSU 34, SDAK 0",233,2306,"Manhattan, KS"
1,"Saturday, September 3, 2022 ","CCU 38, ARMY 28",349,324,"Conway, SC"
1,"Saturday, September 3, 2022 ","LIB 29, USM 27 (4OT)",2335,2572,"Hattiesburg, MS"
1,"Saturday, September 3, 2022 ","TULN 42, MASS 10",113,2655,"New Orleans, LA"
1,"Saturday, September 3, 2022 ","UL 24, SELA 7",2545,309,"Lafayette, LA"
1,"Saturday, September 3, 2022 ","ARST 58, GRAM 3",2755,2032,"Jonesboro, AR"
1,"Saturday, September 3, 2022 ","MSST 49, MEM 23",235,344,"Starkville, MS"
1,"Saturday, September 3, 2022 ","SC 35, GAST 14",2247,2579,"Columbia, SC"
1,"Saturday, September 3, 2022 ","SMU 48, UNT 10",2567,249,"Denton, TX"
1,"Saturday, September 3, 2022 ","STAN 41, COLG 10",2142,24,"Stanford, CA"
1,"Saturday, September 3, 2022 ","TTU 63, MUR 10",93,2641,"Lubbock, TX"
1,"Saturday, September 3, 2022 ","TEX 52, ULM 10",2433,251,"Austin, TX"
1,"Saturday, September 3, 2022 ","SYR 31, LOU 7",97,183,"Syracuse, NY"
1,"Saturday, September 3, 2022 ","UNM 41, ME 0",311,167,"Albuquerque, NM"
1,"Saturday, September 3, 2022 ","WSU 24, IDHO 17",70,265,"Pullman, WA"
1,"Saturday, September 3, 2022 ","ORST 34, BOIS 17",68,204,"Corvallis, OR"
1,"Saturday, September 3, 2022 ","WASH 45, KENT 20",2309,264,"Seattle, WA"
1,"Saturday, September 3, 2022 ","WKU 49, HAW 17",98,62,"Honolulu, HI"
1,"Sunday, September 4, 2022 ","FSU 24, LSU 23",52,99,"New Orleans, LA"
1,"Monday, September 5, 2022 ","CLEM 41, GT 10",228,59,"Atlanta, GA"
2,"Friday, September 9, 2022 ","LOU 20, UCF 14",97,2116,"Orlando, FL"
2,"Friday, September 9, 2022 ","BOIS 31, UNM 14",68,167,"Albuquerque, NM"
2,"Saturday, September 10, 2022 ","ALA 20, TEX 19",333,251,"Austin, TX"
2,"Saturday, September 10, 2022 ","UGA 33, SAM 0",2535,61,"Athens, GA"
2,"Saturday, September 10, 2022 ","OSU 45, ARST 12",2032,194,"Columbus, OH"
2,"Saturday, September 10, 2022 ","MICH 56, HAW 10",62,130,"Ann Arbor, MI"
2,"Saturday, September 10, 2022 ","CLEM 35, FUR 12",231,228,"Clemson, SC"
2,"Saturday, September 10, 2022 ","APP 17, TA&M 14",2026,245,"College Station, TX"
2,"Saturday, September 10, 2022 ","OU 33, KENT 3",2309,201,"Norman, OK"
2,"Saturday, September 10, 2022 ","MRSH 26, ND 21",276,87,"Notre Dame, IN"
2,"Saturday, September 10, 2022 ","BYU 26, BAY 20 (2OT)",239,252,"Provo, UT"
2,"Saturday, September 10, 2022 ","USC 41, STAN 28",30,24,"Stanford, CA"
2,"Saturday, September 10, 2022 ","OKST 34, ASU 17",9,197,"Stillwater, OK"
2,"Saturday, September 10, 2022 ","UK 26, FLA 16",96,57,"Gainesville, FL"
2,"Saturday, September 10, 2022 ","UTAH 73, SUU 7",253,254,"Salt Lake City, UT"
2,"Saturday, September 10, 2022 ","MSU 52, AKR 0",2006,127,"East Lansing, MI"
2,"Saturday, September 10, 2022 ","MIA 30, USM 7",2572,2390,"Miami Gardens, FL"
2,"Saturday, September 10, 2022 ","ARK 44, SC 30",2579,8,"Fayetteville, AR"
2,"Saturday, September 10, 2022 ","TENN 34, PITT 27 (OT)",2633,221,"Pittsburgh, PA"
2,"Saturday, September 10, 2022 ","NCST 55, CHSO 3",2127,152,"Raleigh, NC"
2,"Saturday, September 10, 2022 ","WSU 17, WISC 14",265,275,"Madison, WI"
2,"Saturday, September 10, 2022 ","MISS 59, CARK 3",2110,145,"Oxford, MS"
2,"Saturday, September 10, 2022 ","WAKE 45, VAN 25",154,238,"Nashville, TN"
2,"Saturday, September 10, 2022 ","TTU 33, HOU 30 (2OT)",248,2641,"Lubbock, TX"
2,"Saturday, September 10, 2022 ","MINN 62, WIU 10",2710,135,"Minneapolis, MN"
2,"Saturday, September 10, 2022 ","DUKE 31, NU 23",150,77,"Evanston, IL"
2,"Saturday, September 10, 2022 ","PSU 46, OHIO 10",195,213,"University Park, PA"
2,"Saturday, September 10, 2022 ","UNC 35, GAST 28",153,2247,"Atlanta, GA"
2,"Saturday, September 10, 2022 ","UTSA 41, ARMY 38 (OT)",2636,349,"West Point, NY"
2,"Saturday, September 10, 2022 ","KSU 40, MIZ 12",142,2306,"Manhattan, KS"
2,"Saturday, September 10, 2022 ","USA 38, CMU 24",6,2117,"Mount Pleasant, MI"
2,"Saturday, September 10, 2022 ","TEM 30, LAF 14",322,218,"Philadelphia, PA"
2,"Saturday, September 10, 2022 ","WMU 37, BALL 30",2711,2050,"Muncie, IN"
2,"Saturday, September 10, 2022 ","AFA 41, COLO 10",38,2005,"USAF Academy, CO"
2,"Saturday, September 10, 2022 ","MEM 37, NAVY 13",235,2426,"Annapolis, MD"
2,"Saturday, September 10, 2022 ","CIN 63, KENN 10",338,2132,"Cincinnati, OH"
2,"Saturday, September 10, 2022 ","MD 56, CLT 21",120,2429,"Charlotte, NC"
2,"Saturday, September 10, 2022 ","CAL 20, UNLV 14",2439,25,"Berkeley, CA"
2,"Saturday, September 10, 2022 ","WASH 52, PRST 6",2502,264,"Seattle, WA"
2,"Saturday, September 10, 2022 ","ISU 10, IOWA 7",66,2294,"Iowa City, IA"
2,"Saturday, September 10, 2022 ","ILL 24, UVA 3",258,356,"Champaign, IL"
2,"Saturday, September 10, 2022 ","PUR 56, INST 0",282,2509,"West Lafayette, IN"
2,"Saturday, September 10, 2022 ","RUTG 66, WAG 7",2681,164,"Piscataway, NJ"
2,"Saturday, September 10, 2022 ","WYO 33, UNCO 10",2458,2751,"Laramie, WY"
2,"Saturday, September 10, 2022 ","EKU 59, BGSU 57 (7OT)",2198,189,"Bowling Green, OH"
2,"Saturday, September 10, 2022 ","JMU 63, NORF 7",2450,256,"Harrisonburg, VA"
2,"Saturday, September 10, 2022 ","MTSU 34, CSU 19",2393,36,"Fort Collins, CO"
2,"Saturday, September 10, 2022 ","UCLA 45, ALST 7",2011,26,"Pasadena, CA"
2,"Saturday, September 10, 2022 ","UIW 55, NEV 41",2916,2440,"Reno, NV"
2,"Saturday, September 10, 2022 ","KU 55, WVU 42 (OT)",2305,277,"Morgantown, WV"
2,"Saturday, September 10, 2022 ","ECU 39, ODU 21",295,151,"Greenville, NC"
2,"Saturday, September 10, 2022 ","HC 37, BUFF 31",107,2084,"Buffalo, NY"
2,"Saturday, September 10, 2022 ","M-OH 31, RMU 14",2523,193,"Oxford, OH"
2,"Saturday, September 10, 2022 ","CCU 31, GWEB 27",2241,324,"Conway, SC"
2,"Saturday, September 10, 2022 ","FAU 42, SELA 9",2545,2226,"Boca Raton, FL"
2,"Saturday, September 10, 2022 ","LIB 21, UAB 14",5,2335,"Lynchburg, VA"
2,"Saturday, September 10, 2022 ","SYR 48, CONN 14",183,41,"East Hartford, CT"
2,"Saturday, September 10, 2022 ","GT 35, WCU 17",2717,59,"Atlanta, GA"
2,"Saturday, September 10, 2022 ","TOL 55, MASS 10",113,2649,"Toledo, OH"
2,"Saturday, September 10, 2022 ","WEB 35, USU 7",2692,328,"Logan, UT"
2,"Saturday, September 10, 2022 ","TULN 52, ALCN 0",2016,2655,"New Orleans, LA"
2,"Saturday, September 10, 2022 ","SMU 45, LAM 16",2320,2567,"Dallas, TX"
2,"Saturday, September 10, 2022 ","USF 42, HOW 20",47,58,"Tampa, FL"
2,"Saturday, September 10, 2022 ","TLSA 38, NIU 35",2459,202,"Tulsa, OK"
2,"Saturday, September 10, 2022 ","UL 49, EMU 21",2199,309,"Lafayette, LA"
2,"Saturday, September 10, 2022 ","TROY 38, AAMU 17",2010,2653,"Troy, AL"
2,"Saturday, September 10, 2022 ","TXST 41, FIU 12",2229,326,"San Marcos, TX"
2,"Saturday, September 10, 2022 ","LT 52, SFA 17",2617,2348,"Ruston, LA"
2,"Saturday, September 10, 2022 ","AUB 24, SJSU 16",23,2,"Auburn, AL"
2,"Saturday, September 10, 2022 ","LSU 65, SOU 17",2582,99,"Baton Rouge, LA"
2,"Saturday, September 10, 2022 ","GASO 45, NEB 42",290,158,"Lincoln, NE"
2,"Saturday, September 10, 2022 ","UNT 59, TXSO 27",2640,249,"Denton, TX"
2,"Saturday, September 10, 2022 ","RICE 52, MCN 10",2377,242,"Houston, TX"
2,"Saturday, September 10, 2022 ","TCU 59, TAR 17",2627,2628,"Fort Worth, TX"
2,"Saturday, September 10, 2022 ","VT 27, BC 10",103,259,"Blacksburg, VA"
2,"Saturday, September 10, 2022 ","SDSU 38, IDST 7",304,21,"San Diego, CA"
2,"Saturday, September 10, 2022 ","ULM 35, NICH 7",2447,2433,"Monroe, LA"
2,"Saturday, September 10, 2022 ","ORE 70, EWU 14",331,2483,"Eugene, OR"
2,"Saturday, September 10, 2022 ","IU 35, IDHO 22",70,84,"Bloomington, IN"
2,"Saturday, September 10, 2022 ","UTEP 20, NMSU 13",166,2638,"El Paso, TX"
2,"Saturday, September 10, 2022 ","ORST 35, FRES 32",204,278,"Fresno, CA"
2,"Saturday, September 10, 2022 ","MSST 39, ARIZ 17",344,12,"Tucson, AZ"
3,"Friday, September 16, 2022 ","FSU 35, LOU 31",52,97,"Louisville, KY"
3,"Friday, September 16, 2022 ","WYO 17, AFA 14",2005,2751,"Laramie, WY"
3,"Saturday, September 17, 2022 ","UGA 48, SC 7",61,2579,"Columbia, SC"
3,"Saturday, September 17, 2022 ","ALA 63, ULM 7",2433,333,"Tuscaloosa, AL"
3,"Saturday, September 17, 2022 ","OSU 77, TOL 21",2649,194,"Columbus, OH"
3,"Saturday, September 17, 2022 ","MICH 59, CONN 0",41,130,"Ann Arbor, MI"
3,"Saturday, September 17, 2022 ","CLEM 48, LT 20",2348,228,"Clemson, SC"
3,"Saturday, September 17, 2022 ","OU 49, NEB 14",201,158,"Lincoln, NE"
3,"Saturday, September 17, 2022 ","USC 45, FRES 17",278,30,"Los Angeles, CA"
3,"Saturday, September 17, 2022 ","OKST 63, UAPB 7",2029,197,"Stillwater, OK"
3,"Saturday, September 17, 2022 ","UK 31, YSU 0",2754,96,"Lexington, KY"
3,"Saturday, September 17, 2022 ","ARK 38, MOST 27",2623,8,"Fayetteville, AR"
3,"Saturday, September 17, 2022 ","WASH 39, MSU 28",127,264,"Seattle, WA"
3,"Saturday, September 17, 2022 ","ORE 41, BYU 20",252,2483,"Eugene, OR"
3,"Saturday, September 17, 2022 ","TA&M 17, MIA 9",2390,245,"College Station, TX"
3,"Saturday, September 17, 2022 ","UTAH 35, SDSU 7",21,254,"Salt Lake City, UT"
3,"Saturday, September 17, 2022 ","TENN 63, AKR 6",2006,2633,"Knoxville, TN"
3,"Saturday, September 17, 2022 ","NCST 27, TTU 14",2641,152,"Raleigh, NC"
3,"Saturday, September 17, 2022 ","BAY 42, TXST 7",326,239,"Waco, TX"
3,"Saturday, September 17, 2022 ","FLA 31, USF 28",58,57,"Gainesville, FL"
3,"Saturday, September 17, 2022 ","WAKE 37, LIB 36",2335,154,"Winston-Salem, NC"
3,"Saturday, September 17, 2022 ","MISS 42, GT 0",145,59,"Atlanta, GA"
3,"Saturday, September 17, 2022 ","TEX 41, UTSA 20",2636,251,"Austin, TX"
3,"Saturday, September 17, 2022 ","PSU 41, AUB 12",213,2,"Auburn, AL"
3,"Saturday, September 17, 2022 ","PITT 34, WMU 13",221,2711,"Kalamazoo, MI"
3,"Saturday, September 17, 2022 ","VT 27, WOF 7",2747,259,"Blacksburg, VA"
3,"Saturday, September 17, 2022 ","MIZ 34, ACU 17",2000,142,"Columbia, MO"
3,"Saturday, September 17, 2022 ","ARMY 49, VILL 10",222,349,"West Point, NY"
3,"Saturday, September 17, 2022 ","SIU 31, NU 24",79,77,"Evanston, IL"
3,"Saturday, September 17, 2022 ","SYR 32, PUR 29",2509,183,"Syracuse, NY"
3,"Saturday, September 17, 2022 ","CIN 38, M-OH 17",2132,193,"Cincinnati, OH"
3,"Saturday, September 17, 2022 ","KENT 63, LIU 10",112358,2309,"Kent, OH"
3,"Saturday, September 17, 2022 ","IU 33, WKU 30 (OT)",98,84,"Bloomington, IN"
3,"Saturday, September 17, 2022 ","WVU 65, TOW 7",119,277,"Morgantown, WV"
3,"Saturday, September 17, 2022 ","CCU 38, BUFF 26",2084,324,"Conway, SC"
3,"Saturday, September 17, 2022 ","CMU 41, BUCK 0",2083,2117,"Mount Pleasant, MI"
3,"Saturday, September 17, 2022 ","UCLA 32, USA 31",6,26,"Pasadena, CA"
3,"Saturday, September 17, 2022 ","ISU 43, OHIO 10",195,66,"Ames, IA"
3,"Saturday, September 17, 2022 ","RUTG 16, TEM 14",164,218,"Philadelphia, PA"
3,"Saturday, September 17, 2022 ","UVA 16, ODU 14",295,258,"Charlottesville, VA"
3,"Saturday, September 17, 2022 ","BALL 31, MUR 0",93,2050,"Muncie, IN"
3,"Saturday, September 17, 2022 ","ND 24, CAL 17",25,87,"Notre Dame, IN"
3,"Saturday, September 17, 2022 ","TULN 17, KSU 10",2655,2306,"Manhattan, KS"
3,"Saturday, September 17, 2022 ","UNLV 58, UNT 27",249,2439,"Las Vegas, NV"
3,"Saturday, September 17, 2022 ","VAN 38, NIU 28",238,2459,"DeKalb, IL"
3,"Saturday, September 17, 2022 ","MINN 49, COLO 7",38,135,"Minneapolis, MN"
3,"Saturday, September 17, 2022 ","WISC 66, NMSU 7",166,275,"Madison, WI"
3,"Saturday, September 17, 2022 ","MASS 20, STBK 3",2619,113,"Amherst, MA"
3,"Saturday, September 17, 2022 ","APP 32, TROY 28",2653,2026,"Boone, NC"
3,"Saturday, September 17, 2022 ","UAB 35, GASO 21",290,5,"Birmingham, AL"
3,"Saturday, September 17, 2022 ","KU 48, HOU 30",2305,248,"Houston, TX"
3,"Saturday, September 17, 2022 ","BOIS 30, UTM 7",2630,68,"Boise, ID"
3,"Saturday, September 17, 2022 ","WSU 38, CSU 7",36,265,"Pullman, WA"
3,"Saturday, September 17, 2022 ","BGSU 34, MRSH 31 (OT)",276,189,"Bowling Green, OH"
3,"Saturday, September 17, 2022 ","LSU 31, MSST 16",344,99,"Baton Rouge, LA"
3,"Saturday, September 17, 2022 ","DUKE 49, NCAT 20",2448,150,"Durham, NC"
3,"Saturday, September 17, 2022 ","ECU 49, CAM 10",2097,151,"Greenville, NC"
3,"Saturday, September 17, 2022 ","TLSA 54, JVST 17",55,202,"Tulsa, OK"
3,"Saturday, September 17, 2022 ","USM 64, NWST 10",2466,2572,"Hattiesburg, MS"
3,"Saturday, September 17, 2022 ","MEM 44, ARST 32",2032,235,"Memphis, TN"
3,"Saturday, September 17, 2022 ","CLT 42, GAST 41",2429,2247,"Atlanta, GA"
3,"Saturday, September 17, 2022 ","MTSU 49, TNST 6",2634,2393,"Murfreesboro, TN"
3,"Saturday, September 17, 2022 ","IOWA 27, NEV 0",2440,2294,"Iowa City, IA"
3,"Saturday, September 17, 2022 ","MD 34, SMU 27",2567,120,"College Park, MD"
3,"Saturday, September 17, 2022 ","BC 38, ME 17",311,103,"Chestnut Hill, MA"
3,"Saturday, September 17, 2022 ","UCF 40, FAU 14",2116,2226,"Boca Raton, FL"
3,"Saturday, September 17, 2022 ","RICE 33, UL 21",309,242,"Houston, TX"
3,"Saturday, September 17, 2022 ","ORST 68, MTST 28",147,204,"Portland, OR"
3,"Saturday, September 17, 2022 ","UNM 27, UTEP 10",2638,167,"Albuquerque, NM"
3,"Saturday, September 17, 2022 ","ARIZ 31, NDSU 28",2449,12,"Tucson, AZ"
3,"Saturday, September 17, 2022 ","EMU 30, ASU 21",2199,9,"Tempe, AZ"
3,"Saturday, September 17, 2022 ","HAW 24, DUQ 14",2184,62,"Honolulu, HI"
4,"Thursday, September 22, 2022 ","WVU 33, VT 10",277,259,"Blacksburg, VA"
4,"Thursday, September 22, 2022 ","CCU 41, GAST 24",324,2247,"Atlanta, GA"
4,"Thursday, September 22, 2022 ","ILL 31, UTC 0",236,356,"Champaign, IL"
4,"Friday, September 23, 2022 ","SYR 22, UVA 20",258,183,"Syracuse, NY"
4,"Friday, September 23, 2022 ","AFA 48, NEV 20",2440,2005,"USAF Academy, CO"
4,"Friday, September 23, 2022 ","UTEP 27, BOIS 10",68,2638,"El Paso, TX"
4,"Saturday, September 24, 2022 ","UGA 39, KENT 22",2309,61,"Athens, GA"
4,"Saturday, September 24, 2022 ","ALA 55, VAN 3",238,333,"Tuscaloosa, AL"
4,"Saturday, September 24, 2022 ","OSU 52, WISC 21",275,194,"Columbus, OH"
4,"Saturday, September 24, 2022 ","MICH 34, MD 27",120,130,"Ann Arbor, MI"
4,"Saturday, September 24, 2022 ","CLEM 51, WAKE 45 (2OT)",228,154,"Winston-Salem, NC"
4,"Saturday, September 24, 2022 ","KSU 41, OU 34",2306,201,"Norman, OK"
4,"Saturday, September 24, 2022 ","USC 17, ORST 14",30,204,"Corvallis, OR"
4,"Saturday, September 24, 2022 ","UK 31, NIU 23",2459,96,"Lexington, KY"
4,"Saturday, September 24, 2022 ","TA&M 23, ARK 21",8,245,"Arlington, TX"
4,"Saturday, September 24, 2022 ","TENN 38, FLA 33",57,2633,"Knoxville, TN"
4,"Saturday, September 24, 2022 ","NCST 41, CONN 10",41,152,"Raleigh, NC"
4,"Saturday, September 24, 2022 ","UTAH 34, ASU 13",254,9,"Tempe, AZ"
4,"Saturday, September 24, 2022 ","PSU 33, CMU 14",2117,213,"University Park, PA"
4,"Saturday, September 24, 2022 ","ORE 44, WSU 41",2483,265,"Pullman, WA"
4,"Saturday, September 24, 2022 ","MISS 35, TLSA 27",202,145,"Oxford, MS"
4,"Saturday, September 24, 2022 ","BAY 31, ISU 24",239,66,"Ames, IA"
4,"Saturday, September 24, 2022 ","WASH 40, STAN 22",24,264,"Seattle, WA"
4,"Saturday, September 24, 2022 ","BYU 38, WYO 24",2751,252,"Provo, UT"
4,"Saturday, September 24, 2022 ","TTU 37, TEX 34 (OT)",251,2641,"Lubbock, TX"
4,"Saturday, September 24, 2022 ","PITT 45, URI 24",227,221,"Pittsburgh, PA"
4,"Saturday, September 24, 2022 ","MTSU 45, MIA 31",2393,2390,"Miami Gardens, FL"
4,"Saturday, September 24, 2022 ","AUB 17, MIZ 14 (OT)",142,2,"Auburn, AL"
4,"Saturday, September 24, 2022 ","MSST 45, BGSU 14",189,344,"Starkville, MS"
4,"Saturday, September 24, 2022 ","TCU 42, SMU 34",2628,2567,"Dallas, TX"
4,"Saturday, September 24, 2022 ","KU 35, DUKE 27",150,2305,"Lawrence, KS"
4,"Saturday, September 24, 2022 ","LOU 41, USF 3",58,97,"Louisville, KY"
4,"Saturday, September 24, 2022 ","BUFF 50, EMU 31",2084,2199,"Ypsilanti, MI"
4,"Saturday, September 24, 2022 ","UCLA 45, COLO 17",26,38,"Boulder, CO"
4,"Saturday, September 24, 2022 ","TEM 28, MASS 0",113,218,"Philadelphia, PA"
4,"Saturday, September 24, 2022 ","OHIO 59, FOR 52",2230,195,"Athens, OH"
4,"Saturday, September 24, 2022 ","ND 45, UNC 32",87,153,"Chapel Hill, NC"
4,"Saturday, September 24, 2022 ","MINN 34, MSU 7",135,127,"East Lansing, MI"
4,"Saturday, September 24, 2022 ","CIN 45, IU 24",84,2132,"Cincinnati, OH"
4,"Saturday, September 24, 2022 ","JMU 32, APP 28",256,2026,"Boone, NC"
4,"Saturday, September 24, 2022 ","SDSU 17, TOL 14",2649,21,"San Diego, CA"
4,"Saturday, September 24, 2022 ","WKU 73, FIU 0",2229,98,"Bowling Green, KY"
4,"Saturday, September 24, 2022 ","MEM 44, UNT 34",249,235,"Memphis, TN"
4,"Saturday, September 24, 2022 ","UTSA 52, TXSO 24",2640,2636,"San Antonio, TX"
4,"Saturday, September 24, 2022 ","UCF 27, GT 10",59,2116,"Orlando, FL"
4,"Saturday, September 24, 2022 ","SAC 41, CSU 10",16,36,"Fort Collins, CO"
4,"Saturday, September 24, 2022 ","CAL 49, ARIZ 31",12,25,"Berkeley, CA"
4,"Saturday, September 24, 2022 ","LIB 21, AKR 12",2006,2335,"Lynchburg, VA"
4,"Saturday, September 24, 2022 ","NAVY 23, ECU 20 (2OT)",2426,151,"Greenville, NC"
4,"Saturday, September 24, 2022 ","GASO 34, BALL 23",2050,290,"Statesboro, GA"
4,"Saturday, September 24, 2022 ","ODU 29, ARST 26",2032,295,"Norfolk, VA"
4,"Saturday, September 24, 2022 ","HOU 34, RICE 27",242,248,"Houston, TX"
4,"Saturday, September 24, 2022 ","IOWA 27, RUTG 10",2294,164,"Piscataway, NJ"
4,"Saturday, September 24, 2022 ","USM 27, TULN 24",2572,2655,"New Orleans, LA"
4,"Saturday, September 24, 2022 ","UNLV 34, USU 24",2439,328,"Logan, UT"
4,"Saturday, September 24, 2022 ","TXST 34, HCU 0",2277,326,"San Marcos, TX"
4,"Saturday, September 24, 2022 ","TROY 16, MRSH 7",276,2653,"Troy, AL"
4,"Saturday, September 24, 2022 ","USA 38, LT 14",2348,6,"Mobile, AL"
4,"Saturday, September 24, 2022 ","LSU 38, UNM 0",167,99,"Baton Rouge, LA"
4,"Saturday, September 24, 2022 ","M-OH 17, NU 14",193,77,"Evanston, IL"
4,"Saturday, September 24, 2022 ","SC 56, CLT 20",2429,2579,"Columbia, SC"
4,"Saturday, September 24, 2022 ","PUR 28, FAU 26",2226,2509,"West Lafayette, IN"
4,"Saturday, September 24, 2022 ","NMSU 45, HAW 26",62,166,"Las Cruces, NM"
4,"Saturday, September 24, 2022 ","FSU 44, BC 14",103,52,"Tallahassee, FL"
4,"Saturday, September 24, 2022 ","ULM 21, UL 17",309,2433,"Monroe, LA"
4,"Saturday, September 24, 2022 ","SJSU 34, WMU 6",2711,23,"San Jose, CA"
5,"Thursday, September 29, 2022 ","BYU 38, USU 26",328,252,"Provo, UT"
5,"Thursday, September 29, 2022 ","SC 50, SCST 10",2569,2579,"Columbia, SC"
5,"Friday, September 30, 2022 ","UCLA 40, WASH 32",264,26,"Pasadena, CA"
5,"Friday, September 30, 2022 ","TULN 27, HOU 24 (OT)",2655,248,"Houston, TX"
5,"Friday, September 30, 2022 ","UTSA 45, MTSU 30",2636,2393,"Murfreesboro, TN"
5,"Friday, September 30, 2022 ","BOIS 35, SDSU 13",21,68,"Boise, ID"
5,"Friday, September 30, 2022 ","UNLV 31, UNM 20",167,2439,"Las Vegas, NV"
5,"Saturday, October 1, 2022 ","UGA 26, MIZ 22",61,142,"Columbia, MO"
5,"Saturday, October 1, 2022 ","ALA 49, ARK 26",333,8,"Fayetteville, AR"
5,"Saturday, October 1, 2022 ","OSU 49, RUTG 10",164,194,"Columbus, OH"
5,"Saturday, October 1, 2022 ","MICH 27, IOWA 14",130,2294,"Iowa City, IA"
5,"Saturday, October 1, 2022 ","CLEM 30, NCST 20",152,228,"Clemson, SC"
5,"Saturday, October 1, 2022 ","USC 42, ASU 25",9,30,"Los Angeles, CA"
5,"Saturday, October 1, 2022 ","MISS 22, UK 19",96,145,"Oxford, MS"
5,"Saturday, October 1, 2022 ","OKST 36, BAY 25",197,239,"Waco, TX"
5,"Saturday, October 1, 2022 ","PSU 17, NU 7",77,213,"University Park, PA"
5,"Saturday, October 1, 2022 ","UTAH 42, ORST 16",204,254,"Salt Lake City, UT"
5,"Saturday, October 1, 2022 ","ORE 45, STAN 27",24,2483,"Eugene, OR"
5,"Saturday, October 1, 2022 ","MSST 42, TA&M 24",245,344,"Starkville, MS"
5,"Saturday, October 1, 2022 ","TCU 55, OU 24",201,2628,"Fort Worth, TX"
5,"Saturday, October 1, 2022 ","PUR 20, MINN 10",2509,135,"Minneapolis, MN"
5,"Saturday, October 1, 2022 ","WAKE 31, FSU 21",154,52,"Tallahassee, FL"
5,"Saturday, October 1, 2022 ","GT 26, PITT 21",59,221,"Pittsburgh, PA"
5,"Saturday, October 1, 2022 ","KSU 37, TTU 28",2641,2306,"Manhattan, KS"
5,"Saturday, October 1, 2022 ","GAST 31, ARMY 14",2247,349,"West Point, NY"
5,"Saturday, October 1, 2022 ","ILL 34, WISC 10",356,275,"Madison, WI"
5,"Saturday, October 1, 2022 ","BC 34, LOU 33",97,103,"Chestnut Hill, MA"
5,"Saturday, October 1, 2022 ","AFA 13, NAVY 10",2426,2005,"USAF Academy, CO"
5,"Saturday, October 1, 2022 ","MEM 24, TEM 3",218,235,"Memphis, TN"
5,"Saturday, October 1, 2022 ","JMU 40, TXST 13",326,256,"Harrisonburg, VA"
5,"Saturday, October 1, 2022 ","EMU 20, MASS 13",113,2199,"Ypsilanti, MI"
5,"Saturday, October 1, 2022 ","BALL 44, NIU 38 (2OT)",2459,2050,"Muncie, IN"
5,"Saturday, October 1, 2022 ","ECU 48, USF 28",151,58,"Boca Raton, FL"
5,"Saturday, October 1, 2022 ","KU 14, ISU 11",66,2305,"Lawrence, KS"
5,"Saturday, October 1, 2022 ","CONN 19, FRES 14",278,41,"East Hartford, CT"
5,"Saturday, October 1, 2022 ","MD 27, MSU 13",127,120,"College Park, MD"
5,"Saturday, October 1, 2022 ","UNC 41, VT 10",259,153,"Chapel Hill, NC"
5,"Saturday, October 1, 2022 ","TOL 38, CMU 17",2117,2649,"Toledo, OH"
5,"Saturday, October 1, 2022 ","BGSU 31, AKR 28",189,2006,"Akron, OH"
5,"Saturday, October 1, 2022 ","BUFF 24, M-OH 20",193,2084,"Buffalo, NY"
5,"Saturday, October 1, 2022 ","KENT 31, OHIO 24 (OT)",195,2309,"Kent, OH"
5,"Saturday, October 1, 2022 ","APP 49, CIT 0",2643,2026,"Boone, NC"
5,"Saturday, October 1, 2022 ","MRSH 28, GWEB 7",2241,276,"Huntington, WV"
5,"Saturday, October 1, 2022 ","UNT 45, FAU 28",2226,249,"Denton, TX"
5,"Saturday, October 1, 2022 ","SYR 59, WAG 0",2681,183,"Syracuse, NY"
5,"Saturday, October 1, 2022 ","USA 20, UL 17",6,309,"Lafayette, LA"
5,"Saturday, October 1, 2022 ","WSU 28, CAL 9",25,265,"Pullman, WA"
5,"Saturday, October 1, 2022 ","LIB 38, ODU 24",2335,295,"Norfolk, VA"
5,"Saturday, October 1, 2022 ","WMU 44, UNH 7",160,2711,"Kalamazoo, MI"
5,"Saturday, October 1, 2022 ","UTEP 41, CLT 35",2638,2429,"Charlotte, NC"
5,"Saturday, October 1, 2022 ","LSU 21, AUB 17",99,2,"Auburn, AL"
5,"Saturday, October 1, 2022 ","CIN 31, TLSA 21",2132,202,"Tulsa, OK"
5,"Saturday, October 1, 2022 ","CCU 34, GASO 30",290,324,"Conway, SC"
5,"Saturday, October 1, 2022 ","ARST 45, ULM 28",2433,2032,"Jonesboro, AR"
5,"Saturday, October 1, 2022 ","TROY 34, WKU 27",2653,98,"Bowling Green, KY"
5,"Saturday, October 1, 2022 ","TEX 38, WVU 20",277,251,"Austin, TX"
5,"Saturday, October 1, 2022 ","NEB 35, IU 21",84,158,"Lincoln, NE"
5,"Saturday, October 1, 2022 ","DUKE 38, UVA 17",258,150,"Durham, NC"
5,"Saturday, October 1, 2022 ","SJSU 33, WYO 16",23,2751,"Laramie, WY"
5,"Saturday, October 1, 2022 ","RICE 28, UAB 24",5,242,"Houston, TX"
5,"Saturday, October 1, 2022 ","FIU 21, NMSU 7",2229,166,"Las Cruces, NM"
5,"Saturday, October 1, 2022 ","ARIZ 43, COLO 20",38,12,"Tucson, AZ"
5,"Sunday, October 2, 2022 ","FLA 52, EWU 17",331,57,"Gainesville, FL"
6,"Wednesday, October 5, 2022 ","UCF 41, SMU 19",2567,2116,"Orlando, FL"
6,"Friday, October 7, 2022 ","NEB 14, RUTG 13",158,164,"Piscataway, NJ"
6,"Friday, October 7, 2022 ","HOU 33, MEM 32",248,235,"Memphis, TN"
6,"Friday, October 7, 2022 ","CSU 17, NEV 14",36,2440,"Reno, NV"
6,"Friday, October 7, 2022 ","SJSU 40, UNLV 7",2439,23,"San Jose, CA"
6,"Saturday, October 8, 2022 ","ALA 24, TA&M 20",245,333,"Tuscaloosa, AL"
6,"Saturday, October 8, 2022 ","UGA 42, AUB 10",2,61,"Athens, GA"
6,"Saturday, October 8, 2022 ","OSU 49, MSU 20",194,127,"East Lansing, MI"
6,"Saturday, October 8, 2022 ","MICH 31, IU 10",130,84,"Bloomington, IN"
6,"Saturday, October 8, 2022 ","CLEM 31, BC 3",228,103,"Chestnut Hill, MA"
6,"Saturday, October 8, 2022 ","USC 30, WSU 14",265,30,"Los Angeles, CA"
6,"Saturday, October 8, 2022 ","OKST 41, TTU 31",2641,197,"Stillwater, OK"
6,"Saturday, October 8, 2022 ","TENN 40, LSU 13",2633,99,"Baton Rouge, LA"
6,"Saturday, October 8, 2022 ","MISS 52, VAN 28",145,238,"Nashville, TN"
6,"Saturday, October 8, 2022 ","UCLA 42, UTAH 32",254,26,"Pasadena, CA"
6,"Saturday, October 8, 2022 ","ORE 49, ARIZ 22",2483,12,"Tucson, AZ"
6,"Saturday, October 8, 2022 ","SC 24, UK 14",2579,96,"Lexington, KY"
6,"Saturday, October 8, 2022 ","NCST 19, FSU 17",52,152,"Raleigh, NC"
6,"Saturday, October 8, 2022 ","WAKE 45, ARMY 10",349,154,"Winston-Salem, NC"
6,"Saturday, October 8, 2022 ","ND 28, BYU 20",252,87,"Las Vegas, NV"
6,"Saturday, October 8, 2022 ","TCU 38, KU 31",2628,2305,"Lawrence, KS"
6,"Saturday, October 8, 2022 ","KSU 10, ISU 9",2306,66,"Ames, IA"
6,"Saturday, October 8, 2022 ","ASU 45, WASH 38",264,9,"Tempe, AZ"
6,"Saturday, October 8, 2022 ","MSST 40, ARK 17",8,344,"Starkville, MS"
6,"Saturday, October 8, 2022 ","CIN 28, USF 24",58,2132,"Cincinnati, OH"
6,"Saturday, October 8, 2022 ","FLA 24, MIZ 17",142,57,"Gainesville, FL"
6,"Saturday, October 8, 2022 ","TEX 49, OU 0",251,201,"Dallas, TX"
6,"Saturday, October 8, 2022 ","PUR 31, MD 29",2509,120,"College Park, MD"
6,"Saturday, October 8, 2022 ","LOU 34, UVA 17",97,258,"Charlottesville, VA"
6,"Saturday, October 8, 2022 ","EMU 45, WMU 23",2199,2711,"Kalamazoo, MI"
6,"Saturday, October 8, 2022 ","BUFF 38, BGSU 7",2084,189,"Bowling Green, OH"
6,"Saturday, October 8, 2022 ","OHIO 55, AKR 34",2006,195,"Athens, OH"
6,"Saturday, October 8, 2022 ","GAST 41, GASO 33",290,2247,"Atlanta, GA"
6,"Saturday, October 8, 2022 ","LIB 42, MASS 24",2335,113,"Amherst, MA"
6,"Saturday, October 8, 2022 ","WISC 42, NU 7",275,77,"Evanston, IL"
6,"Saturday, October 8, 2022 ","PITT 45, VT 29",259,221,"Pittsburgh, PA"
6,"Saturday, October 8, 2022 ","TULN 24, ECU 9",151,2655,"New Orleans, LA"
6,"Saturday, October 8, 2022 ","NAVY 53, TLSA 21",202,2426,"Annapolis, MD"
6,"Saturday, October 8, 2022 ","BALL 17, CMU 16",2050,2117,"Mount Pleasant, MI"
6,"Saturday, October 8, 2022 ","TOL 52, NIU 32",2649,2459,"DeKalb, IL"
6,"Saturday, October 8, 2022 ","M-OH 27, KENT 24",2309,193,"Oxford, OH"
6,"Saturday, October 8, 2022 ","UAB 41, MTSU 14",2393,5,"Birmingham, AL"
6,"Saturday, October 8, 2022 ","GT 23, DUKE 20 (OT)",150,59,"Atlanta, GA"
6,"Saturday, October 8, 2022 ","UNC 27, MIA 24",153,2390,"Miami Gardens, FL"
6,"Saturday, October 8, 2022 ","UTSA 31, WKU 28",98,2636,"San Antonio, TX"
6,"Saturday, October 8, 2022 ","USU 34, AFA 27",2005,328,"Logan, UT"
6,"Saturday, October 8, 2022 ","WYO 27, UNM 14",2751,167,"Albuquerque, NM"
6,"Saturday, October 8, 2022 ","JMU 42, ARST 20",256,2032,"Jonesboro, AR"
6,"Saturday, October 8, 2022 ","TXST 36, APP 24",2026,326,"San Marcos, TX"
6,"Saturday, October 8, 2022 ","TROY 27, USM 10",2572,2653,"Troy, AL"
6,"Saturday, October 8, 2022 ","CONN 33, FIU 12",41,2229,"Miami, FL"
6,"Saturday, October 8, 2022 ","LT 41, UTEP 31",2638,2348,"Ruston, LA"
6,"Saturday, October 8, 2022 ","ILL 9, IOWA 6",2294,356,"Champaign, IL"
6,"Saturday, October 8, 2022 ","CCU 28, ULM 21",324,2433,"Monroe, LA"
6,"Saturday, October 8, 2022 ","BOIS 40, FRES 20",278,68,"Boise, ID"
6,"Saturday, October 8, 2022 ","SDSU 16, HAW 14",62,21,"San Diego, CA"
6,"Saturday, October 8, 2022 ","ORST 28, STAN 27",204,24,"Stanford, CA"
7,"Wednesday, October 12, 2022 ","UL 23, MRSH 13",309,276,"Huntington, WV"
7,"Thursday, October 13, 2022 ","WVU 43, BAY 40",239,277,"Morgantown, WV"
7,"Thursday, October 13, 2022 ","UCF 70, TEM 13",218,2116,"Orlando, FL"
7,"Friday, October 14, 2022 ","SMU 40, NAVY 34",2426,2567,"Dallas, TX"
7,"Friday, October 14, 2022 ","UTSA 30, FIU 10",2636,2229,"Miami, FL"
7,"Saturday, October 15, 2022 ","UGA 55, VAN 0",238,61,"Athens, GA"
7,"Saturday, October 15, 2022 ","TENN 52, ALA 49",333,2633,"Knoxville, TN"
7,"Saturday, October 15, 2022 ","CLEM 34, FSU 28",228,52,"Tallahassee, FL"
7,"Saturday, October 15, 2022 ","MICH 41, PSU 17",213,130,"Ann Arbor, MI"
7,"Saturday, October 15, 2022 ","UTAH 43, USC 42",30,254,"Salt Lake City, UT"
7,"Saturday, October 15, 2022 ","TCU 43, OKST 40 (2OT)",197,2628,"Fort Worth, TX"
7,"Saturday, October 15, 2022 ","MISS 48, AUB 34",2,145,"Oxford, MS"
7,"Saturday, October 15, 2022 ","SYR 24, NCST 9",152,183,"Syracuse, NY"
7,"Saturday, October 15, 2022 ","UK 27, MSST 17",344,96,"Lexington, KY"
7,"Saturday, October 15, 2022 ","OU 52, KU 42",2305,201,"Norman, OK"
7,"Saturday, October 15, 2022 ","TEX 24, ISU 21",66,251,"Austin, TX"
7,"Saturday, October 15, 2022 ","ILL 26, MINN 14",135,356,"Champaign, IL"
7,"Saturday, October 15, 2022 ","GASO 45, JMU 38",256,290,"Statesboro, GA"
7,"Saturday, October 15, 2022 ","ARMY 42, COLG 17",2142,349,"West Point, NY"
7,"Saturday, October 15, 2022 ","CMU 28, AKR 21",2117,2006,"Akron, OH"
7,"Saturday, October 15, 2022 ","BGSU 17, M-OH 13",193,189,"Bowling Green, OH"
7,"Saturday, October 15, 2022 ","ODU 49, CCU 21",295,324,"Conway, SC"
7,"Saturday, October 15, 2022 ","MIA 20, VT 14",2390,259,"Blacksburg, VA"
7,"Saturday, October 15, 2022 ","BUFF 34, MASS 7",2084,113,"Amherst, MA"
7,"Saturday, October 15, 2022 ","COLO 20, CAL 13 (OT)",25,38,"Boulder, CO"
7,"Saturday, October 15, 2022 ","BALL 25, CONN 21",41,2050,"Muncie, IN"
7,"Saturday, October 15, 2022 ","ARK 52, BYU 35",8,252,"Provo, UT"
7,"Saturday, October 15, 2022 ","LIB 21, GWEB 20",2241,2335,"Lynchburg, VA"
7,"Saturday, October 15, 2022 ","MD 38, IU 33",120,84,"Bloomington, IN"
7,"Saturday, October 15, 2022 ","NIU 39, EMU 10",2459,2199,"Ypsilanti, MI"
7,"Saturday, October 15, 2022 ","TOL 52, KENT 31",2309,2649,"Toledo, OH"
7,"Saturday, October 15, 2022 ","OHIO 33, WMU 14",195,2711,"Kalamazoo, MI"
7,"Saturday, October 15, 2022 ","TROY 17, TXST 14",326,2653,"Troy, AL"
7,"Saturday, October 15, 2022 ","UAB 34, CLT 20",2429,5,"Birmingham, AL"
7,"Saturday, October 15, 2022 ","WKU 35, MTSU 17",98,2393,"Murfreesboro, TN"
7,"Saturday, October 15, 2022 ","MSU 34, WISC 28 (2OT)",275,127,"East Lansing, MI"
7,"Saturday, October 15, 2022 ","TULN 45, USF 31",2655,58,"Tampa, FL"
7,"Saturday, October 15, 2022 ","UNT 47, LT 27",2348,249,"Denton, TX"
7,"Saturday, October 15, 2022 ","WASH 49, ARIZ 39",12,264,"Seattle, WA"
7,"Saturday, October 15, 2022 ","FAU 17, RICE 14",242,2226,"Boca Raton, FL"
7,"Saturday, October 15, 2022 ","LSU 45, FLA 35",99,57,"Gainesville, FL"
7,"Saturday, October 15, 2022 ","USU 17, CSU 13",328,36,"Fort Collins, CO"
7,"Saturday, October 15, 2022 ","USA 41, ULM 34",2433,6,"Mobile, AL"
7,"Saturday, October 15, 2022 ","USM 20, ARST 19",2032,2572,"Hattiesburg, MS"
7,"Saturday, October 15, 2022 ","STAN 16, ND 14",24,87,"Notre Dame, IN"
7,"Saturday, October 15, 2022 ","PUR 43, NEB 37",158,2509,"West Lafayette, IN"
7,"Saturday, October 15, 2022 ","ECU 47, MEM 45 (4OT)",235,151,"Greenville, NC"
7,"Saturday, October 15, 2022 ","NMSU 21, UNM 9",167,166,"Las Cruces, NM"
7,"Saturday, October 15, 2022 ","UNC 38, DUKE 35",153,150,"Durham, NC"
7,"Saturday, October 15, 2022 ","ORST 24, WSU 10",265,204,"Corvallis, OR"
7,"Saturday, October 15, 2022 ","AFA 42, UNLV 7",2005,2439,"Las Vegas, NV"
7,"Saturday, October 15, 2022 ","FRES 17, SJSU 10",23,278,"Fresno, CA"
7,"Saturday, October 15, 2022 ","HAW 31, NEV 16",2440,62,"Honolulu, HI"
8,"Wednesday, October 19, 2022 ","APP 42, GAST 17",2247,2026,"Boone, NC"
8,"Thursday, October 20, 2022 ","UVA 16, GT 9",258,59,"Atlanta, GA"
8,"Thursday, October 20, 2022 ","TROY 10, USA 6",2653,6,"Mobile, AL"
8,"Friday, October 21, 2022 ","TLSA 27, TEM 16",202,218,"Philadelphia, PA"
8,"Friday, October 21, 2022 ","WKU 20, UAB 17",5,98,"Bowling Green, KY"
8,"Saturday, October 22, 2022 ","OSU 54, IOWA 10",2294,194,"Columbus, OH"
8,"Saturday, October 22, 2022 ","TENN 65, UTM 24",2630,2633,"Knoxville, TN"
8,"Saturday, October 22, 2022 ","CLEM 27, SYR 21",183,228,"Clemson, SC"
8,"Saturday, October 22, 2022 ","ALA 30, MSST 6",344,333,"Tuscaloosa, AL"
8,"Saturday, October 22, 2022 ","LSU 45, MISS 20",145,99,"Baton Rouge, LA"
8,"Saturday, October 22, 2022 ","TCU 38, KSU 28",2306,2628,"Fort Worth, TX"
8,"Saturday, October 22, 2022 ","ORE 45, UCLA 30",26,2483,"Eugene, OR"
8,"Saturday, October 22, 2022 ","OKST 41, TEX 34",251,197,"Stillwater, OK"
8,"Saturday, October 22, 2022 ","WAKE 43, BC 15",103,154,"Winston-Salem, NC"
8,"Saturday, October 22, 2022 ","PSU 45, MINN 17",135,213,"University Park, PA"
8,"Saturday, October 22, 2022 ","CIN 29, SMU 27",2132,2567,"Dallas, TX"
8,"Saturday, October 22, 2022 ","TULN 38, MEM 28",235,2655,"New Orleans, LA"
8,"Saturday, October 22, 2022 ","BAY 35, KU 23",2305,239,"Waco, TX"
8,"Saturday, October 22, 2022 ","ARMY 48, ULM 24",2433,349,"West Point, NY"
8,"Saturday, October 22, 2022 ","RUTG 24, IU 17",84,164,"Piscataway, NJ"
8,"Saturday, October 22, 2022 ","HOU 38, NAVY 20",248,2426,"Annapolis, MD"
8,"Saturday, October 22, 2022 ","KENT 33, AKR 27",2006,2309,"Kent, OH"
8,"Saturday, October 22, 2022 ","DUKE 45, MIA 21",150,2390,"Miami Gardens, FL"
8,"Saturday, October 22, 2022 ","BUFF 34, TOL 27",2649,2084,"Buffalo, NY"
8,"Saturday, October 22, 2022 ","BGSU 34, CMU 18",189,2117,"Mount Pleasant, MI"
8,"Saturday, October 22, 2022 ","EMU 20, BALL 16",2199,2050,"Muncie, IN"
8,"Saturday, October 22, 2022 ","OHIO 24, NIU 17",2459,195,"Athens, OH"
8,"Saturday, October 22, 2022 ","ND 44, UNLV 21",2439,87,"Notre Dame, IN"
8,"Saturday, October 22, 2022 ","TTU 48, WVU 10",277,2641,"Lubbock, TX"
8,"Saturday, October 22, 2022 ","RICE 42, LT 41 (OT)",242,2348,"Ruston, LA"
8,"Saturday, October 22, 2022 ","LIB 41, BYU 14",252,2335,"Lynchburg, VA"
8,"Saturday, October 22, 2022 ","WISC 35, PUR 24",2509,275,"Madison, WI"
8,"Saturday, October 22, 2022 ","MD 31, NU 24",77,120,"College Park, MD"
8,"Saturday, October 22, 2022 ","WMU 16, M-OH 10",2711,193,"Oxford, OH"
8,"Saturday, October 22, 2022 ","MRSH 26, JMU 12",276,256,"Harrisonburg, VA"
8,"Saturday, October 22, 2022 ","GASO 28, ODU 23",290,295,"Norfolk, VA"
8,"Saturday, October 22, 2022 ","FIU 34, CLT 15",2229,2429,"Charlotte, NC"
8,"Saturday, October 22, 2022 ","UTSA 31, UNT 27",249,2636,"San Antonio, TX"
8,"Saturday, October 22, 2022 ","MIZ 17, VAN 14",238,142,"Columbia, MO"
8,"Saturday, October 22, 2022 ","STAN 15, ASU 14",9,24,"Stanford, CA"
8,"Saturday, October 22, 2022 ","CSU 17, HAW 13",62,36,"Fort Collins, CO"
8,"Saturday, October 22, 2022 ","UTEP 24, FAU 21",2226,2638,"El Paso, TX"
8,"Saturday, October 22, 2022 ","UL 38, ARST 18",2032,309,"Lafayette, LA"
8,"Saturday, October 22, 2022 ","USM 20, TXST 14",2572,326,"San Marcos, TX"
8,"Saturday, October 22, 2022 ","FRES 41, UNM 9",278,167,"Albuquerque, NM"
8,"Saturday, October 22, 2022 ","BOIS 19, AFA 14",68,2005,"USAF Academy, CO"
8,"Saturday, October 22, 2022 ","SC 30, TA&M 24",245,2579,"Columbia, SC"
8,"Saturday, October 22, 2022 ","ECU 34, UCF 13",2116,151,"Greenville, NC"
8,"Saturday, October 22, 2022 ","ORST 42, COLO 9",38,204,"Corvallis, OR"
8,"Saturday, October 22, 2022 ","LOU 24, PITT 10",221,97,"Louisville, KY"
8,"Saturday, October 22, 2022 ","WYO 28, USU 14",328,2751,"Laramie, WY"
8,"Saturday, October 22, 2022 ","WASH 28, CAL 21",264,25,"Berkeley, CA"
8,"Saturday, October 22, 2022 ","SDSU 23, NEV 7",21,2440,"Reno, NV"
8,"Saturday, October 22, 2022 ",Postponed,23,166,"Las Cruces, NM"
9,"Thursday, October 27, 2022 ","UTAH 21, WSU 17",254,265,"Pullman, WA"
9,"Thursday, October 27, 2022 ","NCST 22, VT 21",259,152,"Raleigh, NC"
9,"Thursday, October 27, 2022 ","USM 39, UL 24",309,2572,"Hattiesburg, MS"
9,"Friday, October 28, 2022 ","ECU 27, BYU 24",151,252,"Provo, UT"
9,"Friday, October 28, 2022 ","FIU 42, LT 34 (2OT)",2348,2229,"Miami, FL"
9,"Saturday, October 29, 2022 ","UGA 42, FLA 20",57,61,"Jacksonville, FL"
9,"Saturday, October 29, 2022 ","OSU 44, PSU 31",194,213,"University Park, PA"
9,"Saturday, October 29, 2022 ","TENN 44, UK 6",96,2633,"Knoxville, TN"
9,"Saturday, October 29, 2022 ","MICH 29, MSU 7",127,130,"Ann Arbor, MI"
9,"Saturday, October 29, 2022 ","TCU 41, WVU 31",2628,277,"Morgantown, WV"
9,"Saturday, October 29, 2022 ","ORE 42, CAL 24",2483,25,"Berkeley, CA"
9,"Saturday, October 29, 2022 ","KSU 48, OKST 0",197,2306,"Manhattan, KS"
9,"Saturday, October 29, 2022 ","LOU 48, WAKE 21",154,97,"Louisville, KY"
9,"Saturday, October 29, 2022 ","USC 45, ARIZ 37",30,12,"Tucson, AZ"
9,"Saturday, October 29, 2022 ","UCLA 38, STAN 13",24,26,"Pasadena, CA"
9,"Saturday, October 29, 2022 ","MISS 31, TA&M 28",145,245,"College Station, TX"
9,"Saturday, October 29, 2022 ","ND 41, SYR 24",87,183,"Syracuse, NY"
9,"Saturday, October 29, 2022 ","ILL 26, NEB 9",356,158,"Lincoln, NE"
9,"Saturday, October 29, 2022 ","UCF 25, CIN 21",2132,2116,"Orlando, FL"
9,"Saturday, October 29, 2022 ","UNC 42, PITT 24",221,153,"Chapel Hill, NC"
9,"Saturday, October 29, 2022 ","MIZ 23, SC 10",142,2579,"Columbia, SC"
9,"Saturday, October 29, 2022 ","ARK 41, AUB 27",8,2,"Auburn, AL"
9,"Saturday, October 29, 2022 ","OU 27, ISU 13",201,66,"Ames, IA"
9,"Saturday, October 29, 2022 ","CONN 13, BC 3",103,41,"East Hartford, CT"
9,"Saturday, October 29, 2022 ","FSU 41, GT 16",59,52,"Tallahassee, FL"
9,"Saturday, October 29, 2022 ","HOU 42, USF 27",58,248,"Houston, TX"
9,"Saturday, October 29, 2022 ","TOL 27, EMU 24",2649,2199,"Ypsilanti, MI"
9,"Saturday, October 29, 2022 ","M-OH 27, AKR 9",193,2006,"Akron, OH"
9,"Saturday, October 29, 2022 ","MIA 14, UVA 12 (4OT)",2390,258,"Charlottesville, VA"
9,"Saturday, October 29, 2022 ","CLT 56, RICE 23",2429,242,"Houston, TX"
9,"Saturday, October 29, 2022 ","MINN 31, RUTG 0",164,135,"Minneapolis, MN"
9,"Saturday, October 29, 2022 ","GAST 31, ODU 17",295,2247,"Atlanta, GA"
9,"Saturday, October 29, 2022 ","IOWA 33, NU 13",77,2294,"Iowa City, IA"
9,"Saturday, October 29, 2022 ","NMSU 23, MASS 13",166,113,"Amherst, MA"
9,"Saturday, October 29, 2022 ","NAVY 27, TEM 20 (OT)",218,2426,"Annapolis, MD"
9,"Saturday, October 29, 2022 ","SMU 45, TLSA 34",2567,202,"Tulsa, OK"
9,"Saturday, October 29, 2022 ","APP 42, RMU 3",2523,2026,"Boone, NC"
9,"Saturday, October 29, 2022 ","UNT 40, WKU 13",249,98,"Bowling Green, KY"
9,"Saturday, October 29, 2022 ","USA 31, ARST 3",6,2032,"Jonesboro, AR"
9,"Saturday, October 29, 2022 ","BOIS 49, CSU 10",36,68,"Boise, ID"
9,"Saturday, October 29, 2022 ","CCU 24, MRSH 13",324,276,"Huntington, WV"
9,"Saturday, October 29, 2022 ","FAU 24, UAB 17",5,2226,"Boca Raton, FL"
9,"Saturday, October 29, 2022 ","ASU 42, COLO 34",9,38,"Boulder, CO"
9,"Saturday, October 29, 2022 ","BAY 45, TTU 17",239,2641,"Lubbock, TX"
9,"Saturday, October 29, 2022 ","MTSU 24, UTEP 13",2393,2638,"El Paso, TX"
9,"Saturday, October 29, 2022 ","FRES 32, SDSU 28",21,278,"Fresno, CA"
9,"Saturday, October 29, 2022 ","SJSU 35, NEV 28",2440,23,"San Jose, CA"
9,"Saturday, October 29, 2022 ","WYO 27, HAW 20",2751,62,"Honolulu, HI"
10,"Tuesday, November 1, 2022 ","BALL 27, KENT 20",2050,2309,"Kent, OH"
10,"Tuesday, November 1, 2022 ","OHIO 45, BUFF 24",2084,195,"Athens, OH"
10,"Wednesday, November 2, 2022 ","CMU 35, NIU 22",2117,2459,"DeKalb, IL"
10,"Wednesday, November 2, 2022 ","BGSU 13, WMU 9",2711,189,"Bowling Green, OH"
10,"Thursday, November 3, 2022 ","RICE 37, UTEP 30",2638,242,"Houston, TX"
10,"Thursday, November 3, 2022 ","CCU 35, APP 28",2026,324,"Conway, SC"
10,"Friday, November 4, 2022 ","WASH 24, ORST 21",204,264,"Seattle, WA"
10,"Friday, November 4, 2022 ","CONN 27, MASS 10",113,41,"East Hartford, CT"
10,"Friday, November 4, 2022 ","DUKE 38, BC 31",150,103,"Chestnut Hill, MA"
10,"Saturday, November 5, 2022 ","UGA 27, TENN 13",2633,61,"Athens, GA"
10,"Saturday, November 5, 2022 ","OSU 21, NU 7",194,77,"Evanston, IL"
10,"Saturday, November 5, 2022 ","ND 35, CLEM 14",228,87,"Notre Dame, IN"
10,"Saturday, November 5, 2022 ","MICH 52, RUTG 17",130,164,"Piscataway, NJ"
10,"Saturday, November 5, 2022 ","LSU 32, ALA 31 (OT)",333,99,"Baton Rouge, LA"
10,"Saturday, November 5, 2022 ","TCU 34, TTU 24",2641,2628,"Fort Worth, TX"
10,"Saturday, November 5, 2022 ","ORE 49, COLO 10",2483,38,"Boulder, CO"
10,"Saturday, November 5, 2022 ","USC 41, CAL 35",25,30,"Los Angeles, CA"
10,"Saturday, November 5, 2022 ","UCLA 50, ASU 36",26,9,"Tempe, AZ"
10,"Saturday, November 5, 2022 ","TEX 34, KSU 27",251,2306,"Manhattan, KS"
10,"Saturday, November 5, 2022 ","UTAH 45, ARIZ 20",12,254,"Salt Lake City, UT"
10,"Saturday, November 5, 2022 ","PSU 45, IU 14",213,84,"Bloomington, IN"
10,"Saturday, November 5, 2022 ","MSU 23, ILL 15",127,356,"Champaign, IL"
10,"Saturday, November 5, 2022 ","UNC 31, UVA 28",153,258,"Charlottesville, VA"
10,"Saturday, November 5, 2022 ","KU 37, OKST 16",197,2305,"Lawrence, KS"
10,"Saturday, November 5, 2022 ","TULN 27, TLSA 13",2655,202,"Tulsa, OK"
10,"Saturday, November 5, 2022 ","PITT 19, SYR 9",183,221,"Pittsburgh, PA"
10,"Saturday, November 5, 2022 ","NCST 30, WAKE 21",154,152,"Raleigh, NC"
10,"Saturday, November 5, 2022 ","UCF 35, MEM 28",2116,235,"Memphis, TN"
10,"Saturday, November 5, 2022 ","AFA 13, ARMY 7",2005,349,"Arlington, TX"
10,"Saturday, November 5, 2022 ","UK 21, MIZ 17",96,142,"Columbia, MO"
10,"Saturday, November 5, 2022 ","FLA 41, TA&M 24",57,245,"College Station, TX"
10,"Saturday, November 5, 2022 ","MINN 20, NEB 13",135,158,"Lincoln, NE"
10,"Saturday, November 5, 2022 ","IOWA 24, PUR 3",2294,2509,"West Lafayette, IN"
10,"Saturday, November 5, 2022 ","WISC 23, MD 10",120,275,"Madison, WI"
10,"Saturday, November 5, 2022 ","WKU 59, CLT 7",98,2429,"Charlotte, NC"
10,"Saturday, November 5, 2022 ","GT 28, VT 27",59,259,"Blacksburg, VA"
10,"Saturday, November 5, 2022 ","TEM 54, USF 28",58,218,"Philadelphia, PA"
10,"Saturday, November 5, 2022 ","MRSH 12, ODU 0",276,295,"Norfolk, VA"
10,"Saturday, November 5, 2022 ","BAY 38, OU 35",239,201,"Norman, OK"
10,"Saturday, November 5, 2022 ","GAST 42, USM 14",2247,2572,"Hattiesburg, MS"
10,"Saturday, November 5, 2022 ","LT 40, MTSU 24",2393,2348,"Ruston, LA"
10,"Saturday, November 5, 2022 ","WSU 52, STAN 14",265,24,"Stanford, CA"
10,"Saturday, November 5, 2022 ","ISU 31, WVU 14",277,66,"Ames, IA"
10,"Saturday, November 5, 2022 ","USU 27, UNM 10",167,328,"Logan, UT"
10,"Saturday, November 5, 2022 ","UTSA 44, UAB 38 (2OT)",2636,5,"Birmingham, AL"
10,"Saturday, November 5, 2022 ","LIB 21, ARK 19",2335,8,"Fayetteville, AR"
10,"Saturday, November 5, 2022 ","CIN 20, NAVY 10",2426,2132,"Cincinnati, OH"
10,"Saturday, November 5, 2022 ","USA 38, GASO 31",6,290,"Statesboro, GA"
10,"Saturday, November 5, 2022 ","UNT 52, FIU 14",2229,249,"Denton, TX"
10,"Saturday, November 5, 2022 ","TROY 23, UL 17",2653,309,"Lafayette, LA"
10,"Saturday, November 5, 2022 ","ULM 31, TXST 30",326,2433,"Monroe, LA"
10,"Saturday, November 5, 2022 ","BYU 31, BOIS 28",252,68,"Boise, ID"
10,"Saturday, November 5, 2022 ","SDSU 14, UNLV 10",2439,21,"San Diego, CA"
10,"Saturday, November 5, 2022 ","SMU 77, HOU 63",248,2567,"Dallas, TX"
10,"Saturday, November 5, 2022 ","MSST 39, AUB 33 (OT)",2,344,"Starkville, MS"
10,"Saturday, November 5, 2022 ","SC 38, VAN 27",2579,238,"Nashville, TN"
10,"Saturday, November 5, 2022 ","LOU 34, JMU 10",256,97,"Louisville, KY"
10,"Saturday, November 5, 2022 ","FSU 45, MIA 3",52,2390,"Miami Gardens, FL"
10,"Saturday, November 5, 2022 ","SJSU 28, CSU 16",36,23,"San Jose, CA"
10,"Saturday, November 5, 2022 ","FRES 55, HAW 13",62,278,"Fresno, CA"
11,"Tuesday, November 8, 2022 ","EMU 34, AKR 28",2199,2006,"Akron, OH"
11,"Tuesday, November 8, 2022 ","OHIO 37, M-OH 21",195,193,"Oxford, OH"
11,"Tuesday, November 8, 2022 ","TOL 28, BALL 21",2050,2649,"Toledo, OH"
11,"Wednesday, November 9, 2022 ","NIU 24, WMU 21",2459,2711,"Kalamazoo, MI"
11,"Wednesday, November 9, 2022 ","CMU 31, BUFF 27",2084,2117,"Mount Pleasant, MI"
11,"Wednesday, November 9, 2022 ","KENT 40, BGSU 6",2309,189,"Bowling Green, OH"
11,"Thursday, November 10, 2022 ","MEM 26, TLSA 10",202,235,"Memphis, TN"
11,"Thursday, November 10, 2022 ","UL 36, GASO 17",290,309,"Lafayette, LA"
11,"Friday, November 11, 2022 ","USC 55, COLO 17",38,30,"Los Angeles, CA"
11,"Friday, November 11, 2022 ","CIN 27, ECU 25",151,2132,"Cincinnati, OH"
11,"Friday, November 11, 2022 ","FRES 37, UNLV 30",278,2439,"Las Vegas, NV"
11,"Saturday, November 12, 2022 ","UGA 45, MSST 19",61,344,"Starkville, MS"
11,"Saturday, November 12, 2022 ","OSU 56, IU 14",84,194,"Columbus, OH"
11,"Saturday, November 12, 2022 ","MICH 34, NEB 3",158,130,"Ann Arbor, MI"
11,"Saturday, November 12, 2022 ","TCU 17, TEX 10",2628,251,"Austin, TX"
11,"Saturday, November 12, 2022 ","TENN 66, MIZ 24",142,2633,"Knoxville, TN"
11,"Saturday, November 12, 2022 ","WASH 37, ORE 34",264,2483,"Eugene, OR"
11,"Saturday, November 12, 2022 ","LSU 13, ARK 10",99,8,"Fayetteville, AR"
11,"Saturday, November 12, 2022 ","ALA 30, MISS 24",333,145,"Oxford, MS"
11,"Saturday, November 12, 2022 ","CLEM 31, LOU 16",97,228,"Clemson, SC"
11,"Saturday, November 12, 2022 ","ARIZ 34, UCLA 28",12,26,"Pasadena, CA"
11,"Saturday, November 12, 2022 ","UTAH 42, STAN 7",24,254,"Salt Lake City, UT"
11,"Saturday, November 12, 2022 ","PSU 30, MD 0",120,213,"University Park, PA"
11,"Saturday, November 12, 2022 ","UNC 36, WAKE 34",153,154,"Winston-Salem, NC"
11,"Saturday, November 12, 2022 ","BC 21, NCST 20",103,152,"Raleigh, NC"
11,"Saturday, November 12, 2022 ","UCF 38, TULN 31",2116,2655,"New Orleans, LA"
11,"Saturday, November 12, 2022 ","KSU 31, BAY 3",2306,239,"Waco, TX"
11,"Saturday, November 12, 2022 ","ND 35, NAVY 32",87,2426,"Baltimore, MD"
11,"Saturday, November 12, 2022 ","PUR 31, ILL 24",2509,356,"Champaign, IL"
11,"Saturday, November 12, 2022 ","FSU 38, SYR 3",52,183,"Syracuse, NY"
11,"Saturday, November 12, 2022 ","VAN 24, UK 21",238,96,"Lexington, KY"
11,"Saturday, November 12, 2022 ","WVU 23, OU 20",201,277,"Morgantown, WV"
11,"Saturday, November 12, 2022 ","CONN 36, LIB 33",2335,41,"East Hartford, CT"
11,"Saturday, November 12, 2022 ","MSU 27, RUTG 21",164,127,"East Lansing, MI"
11,"Saturday, November 12, 2022 ","DUKE 24, VT 7",259,150,"Durham, NC"
11,"Saturday, November 12, 2022 ","PITT 37, UVA 7",221,258,"Charlottesville, VA"
11,"Saturday, November 12, 2022 ","SMU 41, USF 23",2567,58,"Tampa, FL"
11,"Saturday, November 12, 2022 ","ULM 31, GAST 28",2433,2247,"Atlanta, GA"
11,"Saturday, November 12, 2022 ","JMU 37, ODU 3",256,295,"Norfolk, VA"
11,"Saturday, November 12, 2022 ","NMSU 51, LAM 14",2320,166,"Las Cruces, NM"
11,"Saturday, November 12, 2022 ","WKU 45, RICE 10",242,98,"Bowling Green, KY"
11,"Saturday, November 12, 2022 ","ARST 35, MASS 33",113,2032,"Jonesboro, AR"
11,"Saturday, November 12, 2022 ","HOU 43, TEM 36",218,248,"Houston, TX"
11,"Saturday, November 12, 2022 ","WSU 28, ASU 18",9,265,"Pullman, WA"
11,"Saturday, November 12, 2022 ","OKST 20, ISU 14",66,197,"Stillwater, OK"
11,"Saturday, November 12, 2022 ","TROY 10, ARMY 9",349,2653,"Troy, AL"
11,"Saturday, November 12, 2022 ","IOWA 24, WISC 10",275,2294,"Iowa City, IA"
11,"Saturday, November 12, 2022 ","MINN 31, NU 3",77,135,"Minneapolis, MN"
11,"Saturday, November 12, 2022 ","MIA 35, GT 14",2390,59,"Atlanta, GA"
11,"Saturday, November 12, 2022 ","AFA 35, UNM 3",167,2005,"USAF Academy, CO"
11,"Saturday, November 12, 2022 ","MRSH 28, APP 21",2026,276,"Huntington, WV"
11,"Saturday, November 12, 2022 ","MTSU 24, CLT 14",2429,2393,"Murfreesboro, TN"
11,"Saturday, November 12, 2022 ","UTSA 51, LT 7",2348,2636,"San Antonio, TX"
11,"Saturday, November 12, 2022 ","UAB 41, UNT 21",249,5,"Birmingham, AL"
11,"Saturday, November 12, 2022 ","FLA 38, SC 6",2579,57,"Gainesville, FL"
11,"Saturday, November 12, 2022 ","USA 38, TXST 21",326,6,"Mobile, AL"
11,"Saturday, November 12, 2022 ","TTU 43, KU 28",2305,2641,"Lubbock, TX"
11,"Saturday, November 12, 2022 ","WYO 14, CSU 13",2751,36,"Fort Collins, CO"
11,"Saturday, November 12, 2022 ","FAU 52, FIU 7",2226,2229,"Miami, FL"
11,"Saturday, November 12, 2022 ","AUB 13, TA&M 10",245,2,"Auburn, AL"
11,"Saturday, November 12, 2022 ","CCU 26, USM 23",2572,324,"Conway, SC"
11,"Saturday, November 12, 2022 ","ORST 38, CAL 10",25,204,"Corvallis, OR"
11,"Saturday, November 12, 2022 ","BOIS 41, NEV 3",68,2440,"Reno, NV"
11,"Saturday, November 12, 2022 ","SDSU 43, SJSU 27",23,21,"San Diego, CA"
11,"Saturday, November 12, 2022 ","USU 41, HAW 34",328,62,"Honolulu, HI"
12,"Tuesday, November 15, 2022 ","BGSU 42, TOL 35",189,2649,"Toledo, OH"
12,"Tuesday, November 15, 2022 ","OHIO 32, BALL 18",195,2050,"Muncie, IN"
12,"Wednesday, November 16, 2022 ","EMU 31, KENT 24",2199,2309,"Kent, OH"
12,"Wednesday, November 16, 2022 ","M-OH 29, NIU 23",193,2459,"DeKalb, IL"
12,"Wednesday, November 16, 2022 ","WMU 12, CMU 10",2711,2117,"Mount Pleasant, MI"
12,"Thursday, November 17, 2022 ","TULN 59, SMU 24",2567,2655,"New Orleans, LA"
12,"Friday, November 18, 2022 ","TLSA 48, USF 42",58,202,"Tulsa, OK"
12,"Friday, November 18, 2022 ","SDSU 34, UNM 10",21,167,"Albuquerque, NM"
12,"Saturday, November 19, 2022 ","UGA 16, UK 6",61,96,"Lexington, KY"
12,"Saturday, November 19, 2022 ","OSU 43, MD 30",194,120,"College Park, MD"
12,"Saturday, November 19, 2022 ","MICH 19, ILL 17",356,130,"Ann Arbor, MI"
12,"Saturday, November 19, 2022 ","TCU 29, BAY 28",2628,239,"Waco, TX"
12,"Saturday, November 19, 2022 ","SC 63, TENN 38",2633,2579,"Columbia, SC"
12,"Saturday, November 19, 2022 ","LSU 41, UAB 10",5,99,"Baton Rouge, LA"
12,"Saturday, November 19, 2022 ","USC 48, UCLA 45",30,26,"Pasadena, CA"
12,"Saturday, November 19, 2022 ","ALA 34, APSU 0",2046,333,"Tuscaloosa, AL"
12,"Saturday, November 19, 2022 ","CLEM 40, MIA 10",2390,228,"Clemson, SC"
12,"Saturday, November 19, 2022 ","ORE 20, UTAH 17",254,2483,"Eugene, OR"
12,"Saturday, November 19, 2022 ","PSU 55, RUTG 10",213,164,"Piscataway, NJ"
12,"Saturday, November 19, 2022 ","GT 21, UNC 17",59,153,"Chapel Hill, NC"
12,"Saturday, November 19, 2022 ","ARK 42, MISS 27",145,8,"Fayetteville, AR"
12,"Saturday, November 19, 2022 ","KSU 48, WVU 31",2306,277,"Morgantown, WV"
12,"Saturday, November 19, 2022 ","WASH 54, COLO 7",38,264,"Seattle, WA"
12,"Saturday, November 19, 2022 ","ND 44, BC 0",103,87,"Notre Dame, IN"
12,"Saturday, November 19, 2022 ","FSU 49, UL 17",309,52,"Tallahassee, FL"
12,"Saturday, November 19, 2022 ","NAVY 17, UCF 14",2426,2116,"Orlando, FL"
12,"Saturday, November 19, 2022 ","OU 28, OKST 13",197,201,"Norman, OK"
12,"Saturday, November 19, 2022 ","ORST 31, ASU 7",204,9,"Tempe, AZ"
12,"Saturday, November 19, 2022 ","LOU 25, NCST 10",152,97,"Louisville, KY"
12,"Saturday, November 19, 2022 ","CIN 23, TEM 3",2132,218,"Philadelphia, PA"
12,"Saturday, November 19, 2022 ","MSST 56, ETSU 7",2193,344,"Starkville, MS"
12,"Saturday, November 19, 2022 ","TA&M 20, MASS 3",113,245,"College Station, TX"
12,"Saturday, November 19, 2022 ","VAN 31, FLA 24",57,238,"Nashville, TN"
12,"Saturday, November 19, 2022 ","ARMY 34, CONN 17",41,349,"West Point, NY"
12,"Saturday, November 19, 2022 ","VT 23, LIB 22",259,2335,"Lynchburg, VA"
12,"Saturday, November 19, 2022 ","WISC 15, NEB 14",275,158,"Lincoln, NE"
12,"Saturday, November 19, 2022 ","PUR 17, NU 9",77,2509,"West Lafayette, IN"
12,"Saturday, November 19, 2022 ","IU 39, MSU 31 (2OT)",84,127,"East Lansing, MI"
12,"Saturday, November 19, 2022 ","PITT 28, DUKE 26",150,221,"Pittsburgh, PA"
12,"Saturday, November 19, 2022 ","UTSA 41, RICE 7",2636,242,"Houston, TX"
12,"Saturday, November 19, 2022 ","WSU 31, ARIZ 20",265,12,"Tucson, AZ"
12,"Saturday, November 19, 2022 ","HOU 42, ECU 3",248,151,"Greenville, NC"
12,"Saturday, November 19, 2022 ","MEM 59, UNA 0",2453,235,"Memphis, TN"
12,"Saturday, November 19, 2022 ","JMU 42, GAST 40",2247,256,"Harrisonburg, VA"
12,"Saturday, November 19, 2022 ","APP 27, ODU 14",295,2026,"Boone, NC"
12,"Saturday, November 19, 2022 ","TEX 55, KU 14",251,2305,"Lawrence, KS"
12,"Saturday, November 19, 2022 ","BYU 52, UTU 26",3101,252,"Provo, UT"
12,"Saturday, November 19, 2022 ","USA 27, USM 20",6,2572,"Hattiesburg, MS"
12,"Saturday, November 19, 2022 ","TROY 34, ULM 16",2433,2653,"Troy, AL"
12,"Saturday, November 19, 2022 ","CLT 26, LT 21",2348,2429,"Charlotte, NC"
12,"Saturday, November 19, 2022 ","MTSU 49, FAU 21",2226,2393,"Murfreesboro, TN"
12,"Saturday, November 19, 2022 ","IOWA 13, MINN 10",2294,135,"Minneapolis, MN"
12,"Saturday, November 19, 2022 ","UTEP 40, FIU 6",2229,2638,"El Paso, TX"
12,"Saturday, November 19, 2022 ","AUB 41, WKU 17",98,2,"Auburn, AL"
12,"Saturday, November 19, 2022 ","TXST 16, ARST 13",2032,326,"San Marcos, TX"
12,"Saturday, November 19, 2022 ","CAL 27, STAN 20",24,25,"Berkeley, CA"
12,"Saturday, November 19, 2022 ","MRSH 23, GASO 10",276,290,"Statesboro, GA"
12,"Saturday, November 19, 2022 ","TTU 14, ISU 10",2641,66,"Ames, IA"
12,"Saturday, November 19, 2022 ","BOIS 20, WYO 17",68,2751,"Laramie, WY"
12,"Saturday, November 19, 2022 ","MIZ 45, NMSU 14",166,142,"Columbia, MO"
12,"Saturday, November 19, 2022 ","WAKE 45, SYR 35",183,154,"Winston-Salem, NC"
12,"Saturday, November 19, 2022 ","AFA 24, CSU 12",36,2005,"USAF Academy, CO"
12,"Saturday, November 19, 2022 ","USU 35, SJSU 31",23,328,"Logan, UT"
12,"Saturday, November 19, 2022 ","FRES 41, NEV 14",278,2440,"Reno, NV"
12,"Saturday, November 19, 2022 ","HAW 31, UNLV 25",2439,62,"Honolulu, HI"
12,"Saturday, November 19, 2022 ",Canceled,324,258,"Charlottesville, VA"
12,"Saturday, November 19, 2022 ",Postponed,2006,2084,"Buffalo, NY"
13,"Tuesday, November 22, 2022 ","M-OH 18, BALL 17",2050,193,"Oxford, OH"
13,"Tuesday, November 22, 2022 ","OHIO 38, BGSU 14",189,195,"Athens, OH"
13,"Thursday, November 24, 2022 ","MSST 24, MISS 22",344,145,"Oxford, MS"
13,"Friday, November 25, 2022 ","FSU 45, FLA 38",57,52,"Tallahassee, FL"
13,"Friday, November 25, 2022 ","NCST 30, UNC 27 (2OT)",152,153,"Chapel Hill, NC"
13,"Friday, November 25, 2022 ","UCLA 35, CAL 28",26,25,"Berkeley, CA"
13,"Friday, November 25, 2022 ","TULN 27, CIN 24",2655,2132,"Cincinnati, OH"
13,"Friday, November 25, 2022 ","TEX 38, BAY 27",239,251,"Austin, TX"
13,"Friday, November 25, 2022 ","BOIS 42, USU 23",328,68,"Boise, ID"
13,"Friday, November 25, 2022 ","EMU 38, CMU 19",2117,2199,"Ypsilanti, MI"
13,"Friday, November 25, 2022 ","WMU 20, TOL 14",2649,2711,"Kalamazoo, MI"
13,"Friday, November 25, 2022 ","ARIZ 38, ASU 35",9,12,"Tucson, AZ"
13,"Friday, November 25, 2022 ","MIZ 29, ARK 27",8,142,"Columbia, MO"
13,"Friday, November 25, 2022 ","CSU 17, UNM 0",167,36,"Fort Collins, CO"
13,"Friday, November 25, 2022 ","NEB 24, IOWA 17",158,2294,"Iowa City, IA"
13,"Friday, November 25, 2022 ","FRES 30, WYO 0",2751,278,"Fresno, CA"
13,"Saturday, November 26, 2022",Canceled,258,259,"Blacksburg, VA"
13,"Saturday, November 26, 2022","UGA 37, GT 14",59,61,"Athens, GA"
13,"Saturday, November 26, 2022","MICH 45, OSU 23",130,194,"Columbus, OH"
13,"Saturday, November 26, 2022","TCU 62, ISU 14",66,2628,"Fort Worth, TX"
13,"Saturday, November 26, 2022","TA&M 38, LSU 23",99,245,"College Station, TX"
13,"Saturday, November 26, 2022","USC 38, ND 27",87,30,"Los Angeles, CA"
13,"Saturday, November 26, 2022","ALA 49, AUB 27",2,333,"Tuscaloosa, AL"
13,"Saturday, November 26, 2022","SC 31, CLEM 30",2579,228,"Clemson, SC"
13,"Saturday, November 26, 2022","ORST 38, ORE 34",2483,204,"Corvallis, OR"
13,"Saturday, November 26, 2022","TENN 56, VAN 0",2633,238,"Nashville, TN"
13,"Saturday, November 26, 2022","PSU 35, MSU 16",127,213,"University Park, PA"
13,"Saturday, November 26, 2022","KSU 47, KU 27",2305,2306,"Manhattan, KS"
13,"Saturday, November 26, 2022","WASH 51, WSU 33",264,265,"Pullman, WA"
13,"Saturday, November 26, 2022","UTAH 63, COLO 21",254,38,"Boulder, CO"
13,"Saturday, November 26, 2022","UCF 46, USF 39",2116,58,"Tampa, FL"
13,"Saturday, November 26, 2022","UK 26, LOU 13",97,96,"Lexington, KY"
13,"Saturday, November 26, 2022","WVU 24, OKST 19",277,197,"Stillwater, OK"
13,"Saturday, November 26, 2022","ARMY 44, MASS 7",349,113,"Amherst, MA"
13,"Saturday, November 26, 2022","NMSU 49, LIB 14",166,2335,"Lynchburg, VA"
13,"Saturday, November 26, 2022","MD 37, RUTG 0",164,120,"College Park, MD"
13,"Saturday, November 26, 2022","JMU 47, CCU 7",324,256,"Harrisonburg, VA"
13,"Saturday, November 26, 2022","USA 27, ODU 20",295,6,"Mobile, AL"
13,"Saturday, November 26, 2022","MRSH 28, GAST 23",2247,276,"Huntington, WV"
13,"Saturday, November 26, 2022","WKU 32, FAU 31 (OT)",98,2226,"Boca Raton, FL"
13,"Saturday, November 26, 2022","ECU 49, TEM 46",151,218,"Philadelphia, PA"
13,"Saturday, November 26, 2022","KENT 30, BUFF 27 (OT)",2309,2084,"Buffalo, NY"
13,"Saturday, November 26, 2022","AKR 44, NIU 12",2006,2459,"DeKalb, IL"
13,"Saturday, November 26, 2022","UNT 21, RICE 17",242,249,"Denton, TX"
13,"Saturday, November 26, 2022","ILL 41, NU 3",356,77,"Evanston, IL"
13,"Saturday, November 26, 2022","MINN 23, WISC 16",135,275,"Madison, WI"
13,"Saturday, November 26, 2022","PUR 30, IU 16",2509,84,"Bloomington, IN"
13,"Saturday, November 26, 2022","DUKE 34, WAKE 31",154,150,"Durham, NC"
13,"Saturday, November 26, 2022","SJSU 27, HAW 14",62,23,"San Jose, CA"
13,"Saturday, November 26, 2022","SMU 34, MEM 31",235,2567,"Dallas, TX"
13,"Saturday, November 26, 2022","TROY 48, ARST 19",2653,2032,"Jonesboro, AR"
13,"Saturday, November 26, 2022","UAB 37, LT 27",5,2348,"Ruston, LA"
13,"Saturday, November 26, 2022","UTSA 34, UTEP 31",2638,2636,"San Antonio, TX"
13,"Saturday, November 26, 2022","USM 20, ULM 10",2572,2433,"Monroe, LA"
13,"Saturday, November 26, 2022","UL 41, TXST 13",309,326,"San Marcos, TX"
13,"Saturday, November 26, 2022","UNLV 27, NEV 22",2440,2439,"Las Vegas, NV"
13,"Saturday, November 26, 2022","GASO 51, APP 48 (2OT)",2026,290,"Statesboro, GA"
13,"Saturday, November 26, 2022","MTSU 33, FIU 28",2393,2229,"Miami, FL"
13,"Saturday, November 26, 2022","TTU 51, OU 48 (OT)",201,2641,"Lubbock, TX"
13,"Saturday, November 26, 2022","SYR 32, BC 23",183,103,"Chestnut Hill, MA"
13,"Saturday, November 26, 2022","TLSA 37, HOU 30",202,248,"Houston, TX"
13,"Saturday, November 26, 2022","PITT 42, MIA 16",221,2390,"Miami Gardens, FL"
13,"Saturday, November 26, 2022","AFA 13, SDSU 3",2005,21,"San Diego, CA"
13,"Saturday, November 26, 2022","BYU 35, STAN 26",252,24,"Stanford, CA"
14,"Friday, December 2, 2022 ","UTAH 47, USC 24",254,30,"Las Vegas, NV"
14,"Friday, December 2, 2022 ","BUFF 23, AKR 22",2006,2084,"Buffalo, NY"
14,"Friday, December 2, 2022 ","UTSA 48, UNT 27",249,2636,"San Antonio, TX"
14,"Saturday, December 3, 2022 ","UGA 50, LSU 30",99,61,"Atlanta, GA"
14,"Saturday, December 3, 2022 ","MICH 43, PUR 22",2509,130,"Indianapolis, IN"
14,"Saturday, December 3, 2022 ","KSU 31, TCU 28 (OT)",2306,2628,"Arlington, TX"
14,"Saturday, December 3, 2022 ","CLEM 39, UNC 10",228,153,"Charlotte, NC"
14,"Saturday, December 3, 2022 ","TULN 45, UCF 28",2116,2655,"New Orleans, LA"
14,"Saturday, December 3, 2022 ","TOL 17, OHIO 7",2649,195,"Detroit, MI"
14,"Saturday, December 3, 2022 ","TROY 45, CCU 26",324,2653,"Troy, AL"
14,"Saturday, December 3, 2022 ","FRES 28, BOIS 16",278,68,"Boise, ID"
14,"Saturday, December 3, 2022 ","NMSU 65, VAL 3",2674,166,"Las Cruces, NM"
15,"Saturday, December 10, 2022 ","ARMY 20, NAVY 17 (2OT)",2426,349,"Philadelphia, PA"
